"FSC-A","FSC-H","FSC-W","SSC-A","SSC-H","SSC-W","Comp-530_30 Blue E-A","Comp-582_15 YG D-A","Time"
100109,62681,104669,124632,73620,110946,60021,356.453,0.27
112647,68566,107669,94632.7,61174,101380,36662.5,315.589,0.519
104464,64063,106866,103509,65746,103178,25724.3,260.129,0.803
125166,71062,115433,152990,93326,107434,81216.5,493.39,0.982
80087.3,50815,103288,58411.9,42370,90348.8,31770.8,262.911,1.559
77849.1,52656,96891.5,71991.7,53756,87767.8,31573.2,309.034,1.793
105247,61035,113008,71100.9,48539,95998.4,44840.7,286.962,1.955
84879.1,54214,102605,94310.6,62358,99117,50263.9,356.565,2.087
121285,68247,116467,136939,82807,108378,40338.5,451.028,2.185
115603,59406,127532,134078,75575,116268,58578.7,260.088,2.255
110335,71227,101520,105950,68262,101719,27090.9,293.429,2.406
107593,52966,133127,119565,62538,125297,59042.9,288.148,2.433
106276,67922,102543,111255,69834,104407,53796.5,389.723,3.762
101486,52950,125609,155828,71750,142333,75378.6,314.634,3.808
113990,75566,98860,86402.2,57203,98988.7,45340.9,311.839,4.053
87361.2,59893,95592.2,59464.1,44313,87943.5,37577,331.959,4.181
86582.2,57136,99311.4,77539,49184,103318,35431.8,375.56,4.914
90364.8,65990,89743.1,53745.9,39330,89557.4,33065,288.796,5.161
108650,68718,103619,99840.8,64611,101270,40633.3,420.268,5.236
102994,66707,101186,88587.7,59855,96995.8,35484.8,376.617,5.404
141457,77956,118920,141398,86248,107442,73264.2,404.873,5.639
131516,84403,102118,92465.9,62867,96391.5,31849.3,306.896,5.723
72368,51011,92974.2,50589.2,39015,84978,53627.6,310.764,5.772
74071.1,49542,97984,73649.9,50266,96023.6,34863.4,266.948,6.44
79131.2,51563,100575,88008.2,59398,97102.7,40411.4,308.453,6.584
120447,70654,111722,64515.4,40074,105507,50820.5,272.788,6.655
106658,56608,123479,99464,43376,150278,51402,288.65,6.81
108961,64260,111125,158420,95724,108460,86370.8,488.811,7.105
62932.6,42196,97742.6,66635.4,43068,101398,36258.8,271.096,7.182
135687,83954,105919,154438,92654,109237,37925.7,333.526,7.564
101864,65600,101765,98938.3,63836,101573,58868.5,436.029,7.574
121302,76901,103375,107771,72745,97091,45924.5,270.46,7.853
124687,77217,105825,111885,71945,101918,114200,295.651,8.235
112583,76108,96944.6,60014,42049,93535.5,59471.1,355.43,8.342
175089,105067,109212,196585,115958,111104,76736.1,494.744,8.912
89262.8,61761,94718.7,64419.4,50081,84299.3,26710.4,350.694,9.14
83128.8,57057,95482.2,89171.2,63837,91544.4,27389.8,286.519,10.169
115896,60299,125962,130760,74150,115570,97359.7,319.018,10.525
112913,64063,115509,163246,94399,113333,68382.5,520.204,10.798
146439,82830,115864,110479,65690,110220,52541.1,374.435,10.886
112794,59346,124559,78475.8,42450,121154,36837.3,344.728,11.038
95946.2,48154,130580,144507,74039,127911,77259.7,259.92,11.149
112329,74186,99231.4,42491.3,29066,95806.4,41534.1,262.269,11.619
69790,49395,92595.6,68441.9,48723,92059.3,51398.1,258.44,12.159
91136.9,58506,102088,107370,68442,102811,46201.3,468.132,12.418
145085,80880,117560,103242,58344,115968,84849.3,316.661,12.633
91508.6,57617,104086,96695,62485,101416,45334.7,371.729,12.886
111269,72719,100278,68614.3,48706,92323.4,27671.7,305.581,13.229
90913.5,57377,103841,106961,70605,99282.2,57270.4,271.304,14.007
114696,57887,129852,164383,70331,153175,59871.3,289.153,14.014
110370,68913,104962,81833.7,47885,111999,49609.3,429.748,14.494
91286.6,58222,102754,59443.8,33518,116227,60546.9,312.959,15.369
99405,60558,107576,86242.3,54791,103155,63634.9,284.136,15.377
109963,58653,122867,112578,64169,114976,40744,423.971,15.42
116158,63095,120652,77039.8,48551,103991,41734.9,343.876,15.487
68703.2,42626,105629,86782.8,54286,104767,36296.9,337.873,15.958
154896,100076,101435,180206,113765,103810,71448,321.252,16.736
98149.4,61340,104863,74351.9,48949,99547,35142,264.809,17.716
88114.4,62000,93139.8,64609.7,43468,97411.1,47339.9,413.467,17.732
105174,65313,105533,70942.6,47081,98750.9,51773.6,503.806,17.774
105759,66682,103942,102750,65790,102353,65840.5,421.261,18.304
89089.5,60454,96578.7,78953.2,57530,89940.5,47271.1,389.092,18.327
112529,71225,103541,79067.8,53028,97718,57806.3,269.149,18.42
117008,60787,126149,148966,82387,118497,61277.8,347.361,18.45
110732,74055,97993.8,127425,85435,97745.7,58373.1,311.512,18.78
93095.4,58100,105010,95991.5,58316,107876,46477.6,267.774,18.856
79205.7,49043,105842,103026,64851,104114,60141.6,272.176,19.022
80128.3,49527,106029,92205.4,58439,103403,65987.7,270.731,19.247
123798,65078,124669,130447,69898,122307,38141.7,335.102,19.531
94224,61091,101080,62825.9,44131,93298.5,42585.1,279.69,19.892
121028,74654,106246,86050.4,56042,100628,53795.6,331.953,21.168
101255,53674,123632,102835,61418,109730,105095,544.29,21.789
103719,61674,110214,101306,65118,101957,26211.5,306.207,22.097
85357.1,57187,97818.8,82944.4,57431,94650,55973.2,371.03,22.105
128003,75645,110897,140170,73136,125604,68812.5,285.915,22.12
114103,65763,113710,94018.1,59151,104167,50494.5,400.54,22.641
106606,68781,101576,71347.4,47593,98246,36401.7,297.056,22.924
93735.4,64247,95616,91217.1,63267,94488.5,30503.4,294.264,23.018
84718,56782,97778.8,53740.4,39006,90292.1,23483.8,274.056,23.069
77564.8,54204,93780.7,68811.6,52357,86132.5,17606.8,295.112,23.302
90812.4,62235,95629.2,64169.8,45798,91825.7,38497.3,402.389,23.464
85625.4,59055,95022.4,66605,48719,89595.9,31369.5,279.367,23.472
105292,58414,118129,118602,74823,103881,54065.6,263.565,23.587
113560,70578,105447,129564,89278,95108.8,27271.7,265.327,24.059
100876,65639,100718,74719.3,50647,96685,28099,309.792,24.612
81590.6,57104,93638.3,70895.8,52172,89055.9,27904.9,336.305,24.617
101367,62489,106310,83733.8,54804,100131,34913.5,262.704,24.734
82259.4,51171,105352,101077,65079,101787,31522.8,262.397,24.807
98310.6,60347,106764,125682,86107,95656.7,68202.2,330.476,24.817
87443.3,55234,103753,114009,72690,102789,40685.6,288.825,25.94
87256.4,53485,106917,125629,83120,99052.3,31172.7,292.1,26.047
73616.6,49946,96595.1,74884.7,50254,97656.8,44592,312.948,26.191
98581.1,56231,114894,126588,82515,100540,56799.1,407.015,26.815
89375.2,54626,107225,101779,69134,96482.1,55819.5,275.64,27.54
85872.4,56312,99938.4,98568.6,62732,102974,45711.3,411.454,27.608
78248.1,48869,104935,98934.4,61393,105611,23470.8,265.577,27.715
127353,79771,104627,101014,68335,96876.4,33945.5,294.568,28.183
133168,71290,122420,137090,74602,120431,64761.9,384.762,29.051
117678,58370,132126,143096,73250,128026,93352.3,306.562,30.337
79120.6,46205,112223,60762,38064,104616,35344.5,371.856,30.595
71881.6,49138,95869.4,91352.8,65038,92052.3,50050.2,421.769,31.25
84387.4,53577,103224,97711.4,72692,88092.4,39677.1,319.631,31.359
96645.4,65879,96142.2,45016.1,32195,91634.6,26671.7,339.566,31.643
93577.3,52974,115768,141709,82371,112746,29454.2,360.053,31.841
113727,66771,111624,79022.6,47447,109150,33564.8,298.833,33.343
89951.3,60066,98142.9,64707.2,48594,87267,29852,296.957,33.478
90586.7,59656,99515.4,69674.3,49701,91872.9,30459.3,276.247,33.779
89044.6,58252,100179,93548.5,58773,104313,31272.1,277.784,33.923
75624.6,56257,88098,42514.7,32589,85496.4,74458.5,270.174,34.773
104964,70919,96996.5,71660.9,50839,92377.3,27843,319.349,34.951
106671,61412,113835,102984,67960,99310.9,35666.2,291.275,35.232
134129,79431,110666,122207,76399,104831,43459.1,262.672,35.463
87548.2,57025,100615,85908.4,60441,93150.2,43645.3,273.79,35.594
93521,60782,100836,51657.8,34711,97532.4,42373.5,290.304,35.959
131830,72042,119925,185695,66682,182504,37206.6,328.274,37.084
123834,64057,126693,110923,69604,104440,44486.7,283.275,37.422
74592.5,48487,100821,81404.7,58667,90935.9,50638,400.53,37.797
83233.7,54198,100646,56566.4,40050,92562.7,42653.7,316.255,38.108
104489,70210,97532.6,99703.5,70246,93018.4,23327.3,296.326,38.174
111973,55758,131609,180646,78595,150630,64081.7,290.997,38.615
115620,77035,98361.7,79987.4,54870,95535.9,35897.6,337.9,38.62
91745.7,56183,107019,78337.7,52371,98030.2,36776.9,260.462,38.725
113295,81482,91123,53621.9,37363,94054.6,39411.8,293.679,38.943
113501,72664,102367,95884.6,63361,99176.1,47272,255.532,39.186
122993,72140,111734,111428,68725,106258,54170.8,329.278,39.318
93851.6,59910,102665,121318,84086,94554.4,57030.2,527.31,39.683
113498,69298,107337,73270.9,43238,111057,39229.5,283.091,39.94
125427,74271,110676,155785,82383,123927,66220.5,289.266,39.945
77618,47582,106905,105174,57694,119469,20047.1,308.202,40.133
115528,71307,106178,69321.7,46006,98749.5,28119.5,268.981,40.182
100971,61127,108254,124327,67547,120625,85122.8,424.233,40.498
85038.7,54895,101523,106352,72274,96437.2,33402.7,353.434,40.547
93344,57973,105521,97983.6,61453,104494,40612.2,388.47,40.585
93471.6,61962,98863.1,78209.8,54794,93542.3,46631.2,367.404,41.248
101379,59912,110895,118068,58353,132601,35407.1,300.832,41.454
73961.7,44807,108178,96690.4,60503,104734,41733.7,299.886,41.643
112383,61682,119405,66261.8,38066,114079,48002.9,381.624,42.483
77833.9,50222,101567,63908.5,34602,121042,34240.9,271.759,42.484
76285.8,53891,92769.9,62039.6,40791,99674.7,46160.1,270.445,42.497
102760,69274,97214.7,116044,80231,94789.3,42034.2,323.186,43.325
87827.9,56641,101621,61048.3,41253,96983.5,35652.7,269.016,43.535
102909,67159,100422,99939.1,65055,100678,36827.1,345.789,44.31
75491.6,53361,92715.9,46247.8,35373,85683.8,35684.3,351.694,44.447
91706.9,55854,107604,118857,76938,101243,41167,315.823,44.798
87174.3,58158,98233.3,58027.3,42014,90514.6,19163,292.36,45.511
98792.4,58270,111111,121593,75735,105219,22178,313.362,45.59
121630,66323,120187,174040,99575,114546,85225.2,416.276,46.101
109065,66447,107569,138112,91551,98866.5,64642.8,341.31,46.175
102583,68875,97610.1,74869.9,51247,95745.5,25249.2,362.98,47.581
80208.1,51649,101774,63275.2,40685,101925,63299.8,432.558,47.702
112485,77051,95674.1,134260,91942,95700,50868.2,367.125,48.111
92042.8,58759,102659,99870.4,66583,98300,28715.9,347.382,48.291
99384.4,61822,105355,92051.7,62311,96816,25678.5,350.762,48.522
82674.3,50433,107433,101677,63465,104995,38402.9,336.675,48.794
106476,67383,103557,72124.3,43139,109570,26161.2,291.9,49.545
120766,61705,128263,160602,65780,160006,52828.2,468.756,49.608
85476.4,57990,96599.1,71209.3,51178,91187.1,20904.7,262.035,50.021
106079,58329,119185,89682.1,53620,109612,57051.5,259.129,50.657
96976,55703,114095,94606.2,60775,102017,31864.2,271.915,50.781
99658.8,62749,104085,86120.6,60336,93542.8,33735.8,322.672,51.539
91968.4,56752,106203,69331.9,41480,109540,35994.9,279.593,52.378
90606.4,57303,103624,74773.1,45175,108474,52954.7,269.468,52.414
83143.2,56068,97183.3,72715.5,51596,92361.5,27846.6,264.759,52.451
104983,60587,113558,103279,65355,103565,46008.6,278.405,52.578
125193,76093,107824,108516,64320,110567,28933.3,324.578,54.596
80708.2,55943,94547.9,60110.7,45063,87420.2,42713.3,334.802,54.789
93960.3,61111,100764,111531,72623,100647,50288.4,407.973,55.292
100526,68078,96772.4,73309.9,50042,96008.1,39275.5,348.808,55.302
101593,64618,103036,66714.2,43930,99526.1,53488.8,277.913,56.062
89826.7,57546,102299,79528,57514,90620.5,37651.3,389.194,57.721
103650,65359,103931,135030,79695,111040,86416.2,258.788,58.462
86770,45623,124642,120354,60999,129306,36071.6,332.588,66.053
86460.6,43609,129934,127007,66452,125257,33147,283.491,68.911
83407,57050,95813.5,85868.6,57710,97513.2,39126.3,291.577,69.523
128709,74297,113532,159505,86996,120158,118401,380.705,70.475
87919.8,57881,99547.6,97747.3,67284,95207.8,34553.2,258.488,71.468
139863,81802,112052,114531,72314,103796,60060.2,312.991,72.532
82094.4,61099,88056.1,45176.8,35686,82965.5,26434.7,268.562,72.981
79409.4,45225,115073,78741.8,52084,99078.8,48131.5,322.255,73.824
87435.7,60392,94883.2,123921,89569,90670.7,66998.5,468.355,74.306
105492,57874,119458,146163,52178,183582,103741,298.989,74.311
89272.6,56919,102788,51567.4,36855,91697.7,56627.3,318.517,74.621
75001.4,39289,125106,100090,46633,140663,33673.4,258.546,75.867
80505.3,52842,99844.7,63371.9,45214,91855.2,44270.5,287.529,77.375
64340.8,49168,85759.9,41154.4,31592,85372.6,30162.2,307.007,77.956
89057.6,49655,117541,81939,53171,100994,41077,265.479,78.274
95534.3,50643,123629,123579,74699,108420,46492.3,337.203,78.281
86759.3,56106,101341,87790.6,57658,99785.7,45684,445.376,78.36
85281.9,48494,115252,123972,52110,155913,41162.2,287.203,78.611
87219.1,43539,131284,56305.1,30719,120121,55049.9,265.09,78.986
96532.9,66757,94767.3,58897,42441,90946.9,32769.1,270.265,79.168
86346.6,54054,104688,70482.4,47870,96493.2,63305.4,426.198,80.379
96406,64254,98329.5,85878,59335,94853,79890,481.287,80.422
85624.6,60833,92244.3,54822.3,39821,90224.6,27687.7,257.879,81.057
102066,67439,99185.6,61923.4,44223,91767,22557.6,259.277,81.124
73578.6,43246,111503,64038.8,42062,99777.6,31365.6,280.958,81.897
84063.6,59787,92147,65766.5,49990,86218.7,42113.9,317.881,81.986
106747,69787,100245,96759,66230,95745.1,29785.9,256.151,82.17
87310.3,59103,96813.5,69550.3,47999,94961.3,49330.4,286.666,82.176
112037,74540,98503.5,58802.6,38780,99373.1,44314.4,504.826,82.21
101887,63490,105170,62661.3,41182,99717.6,37728.8,281.599,82.825
86897.6,53895,105667,89051.8,60519,96434.2,38824.3,266.687,83.403
82882.6,53059,102373,75141.3,49635,99213.5,31990.8,392.217,83.409
100773,58161,113551,97920.4,59789,107333,56061.2,343.994,83.633
86890,55843,101972,84903.8,60487,91990.9,48674.8,401.72,84.207
79123.6,57769,89761.7,79230.8,60628,85644.8,22871.5,276.746,84.277
125759,70313,117215,88420.8,51124,113347,60229.5,312.45,84.788
73552,54122,89063.7,33144.5,26051,83381.1,23381.9,297.913,85.051
104418,64028,106877,101694,65425,101867,20553.8,258.879,85.122
116427,64725,117885,122606,49385,162703,63539.6,353.572,85.903
90203.6,63382,93269.2,71054.1,52838,88129.8,34424.1,275.987,85.92
102835,53886,125067,126543,65070,127450,58889,268.018,85.933
132371,77878,111393,92399.6,57750,104857,41539.7,258.029,86.104
71190,51779,90104.2,59811.2,45251,86623.2,49078.9,431.373,86.134
84095.5,53126,103740,86480.2,58114,97524.9,68371.7,384.524,86.494
103368,69306,97744.8,100035,72506,90418.6,41859.3,424.958,86.777
108971,70706,101003,79867.3,55874,93678.4,43649.2,273.26,87.189
96428.8,65898,95899.1,65807.8,44887,96080.9,40705.7,330.694,87.793
84477,46393,119335,78741,45492,113435,39113.7,264.018,87.966
109794,65089,110548,84800,53381,104109,31537.9,282.006,88.741
102899,67642,99695,87240.7,57731,99035.2,54166.2,262.499,89.083
72351.2,46471,102034,61793.9,45195,89605.6,28224.3,258.904,89.353
70253.6,44230,104095,82000.6,59366,90523.1,36948.8,313.981,89.551
122379,84079,95389.2,89885.6,62274,94594,29643.6,271.531,89.803
108561,69532,102322,97713.7,62417,102597,37813,314.984,90.272
102383,67329,99656.2,92551.7,62525,97008.7,35373.6,263.734,90.808
98647.2,56314,114802,137746,80499,112142,38693.9,272.526,91.358
116118,59163,128626,181869,78550,151737,44327.3,261.025,92.092
114508,58870,127475,164273,71238,151125,37765.7,336.717,92.156
105099,65248,105563,85048.9,55900,99709.5,36504.9,379.73,92.304
85531.9,50004,112099,92245.1,52228,115750,88218.9,445.759,92.394
111674,73044,100196,81542.8,58888,90748.3,37005.7,313.977,92.64
71933.2,52932,89061.8,50849.8,35848,92961.7,23314.1,263.467,93.151
65170,47039,90796.6,56858.1,44443,83843.4,42876.2,274.901,93.215
95003,64399,96680.4,64124.6,45963,91431.6,31178.8,295.81,93.298
80863.2,54027,98089,64102.7,44831,93708.3,23361.6,331.834,94.131
112760,65708,112465,123767,73512,110339,195765,346.998,95.033
115389,61094,123779,151128,68962,143620,45717.8,302.274,95.126
68251,47971,93241.8,55741.9,42027,86922.8,44052,388.773,95.366
159263,96921,107691,185394,114557,106060,45053.5,291.718,95.659
73609,53068,90903,48162.7,36005,87665.3,18612.3,292.926,95.679
77830.1,48298,105608,48626.8,35166,90621.7,51571.4,283.339,96.425
114780,61803,121713,171427,68511,163983,61276.2,315.031,96.916
122393,70735,113398,160245,96043,109345,71692.9,387.486,97.01
139433,86440,105713,85080.8,58408,95463.9,51981.1,274.302,98.508
59267.8,38256,101531,61809.5,42340,95672,27076.6,271.17,98.99
109862,76017,94714.4,54035.3,39461,89740.7,34296.8,282.885,99.132
142616,87311,107048,162644,101759,104748,102618,513.183,99.252
79575.8,53583,97327.1,74404.2,53195,91665.6,23346.9,260.285,99.255
88663.9,61572,94372,61561.5,44604,90451.4,28136.9,259.44,99.291
93811.4,60919,100921,56441.6,40507,91316.5,25229.9,256.451,99.321
144174,84519,111792,178481,96971,120623,68643.4,312.427,99.572
102236,58718,114107,155240,61678,164951,39694.2,321.75,99.716
119596,64737,121072,87528.5,58713,97700.1,30811.8,439.994,99.959
109400,64658,110885,112304,61218,120225,39853.9,297.359,100.123
85714.3,47330,118685,79238.6,39414,131755,29041.2,278.99,100.124
88646.4,59142,98230.2,57297.2,41462,90565.6,27623.7,258.414,100.169
103898,68250,99766.5,78890.8,57518,89888.1,44899.9,257.278,100.282
75500.7,44838,110353,100564,61094,107876,53941.7,289.543,100.652
91288.9,58234,102736,61134.1,42842,93517.6,41548.1,295.128,100.768
103398,55290,122559,77588.2,46499,109353,48513.3,270.82,100.778
182048,118618,100581,139884,89907,101966,89912.1,776.368,100.823
97250.4,58116,109667,98814.3,56796,114020,48290,411.815,100.894
108135,68484,103480,99005.4,59140,109713,40736.5,345.001,101.203
80340.4,55435,94979.5,57833.9,41622,91062.4,37329,300.176,101.23
105468,65107,106163,102338,67115,99929.9,66809.8,272.267,101.291
76254.6,50363,99228,57118.6,43798,85468,29676.7,256.689,101.619
86124,56830,99317.6,74359,54007,90232.5,32590.5,301.547,101.691
134846,97791,90368.9,83158.9,59243,91992.3,40144.7,402.28,101.731
109796,62878,114437,118785,82926,93874.9,46846.4,274.11,101.994
122754,75530,106511,186092,107310,113650,42533.3,261.673,101.996
93636.6,55724,110124,68947.3,45800,98657.9,80554.4,325.423,102.142
79325.8,52300,99401.4,72073.6,49025,96347,44992.9,316.632,103.057
102402,66213,101355,75822.2,51937,95675.3,23485.1,256.566,103.391
101889,65615,101766,81634,55759,95948,26868.1,312.523,103.694
110046,80239,89881.6,53582.1,40383,86956.3,45245.8,342.055,105.303
111279,73325,99458.5,70918.4,48605,95622,28660.1,265.236,105.368
61031.8,45494,87918.8,52313,40822,83983.8,34638.7,301.942,105.906
94110.8,57230,107769,77088.2,54110,93366.3,25659.7,287.693,106.489
95880.1,64240,97814.4,68683.7,51180,87949.5,25702.5,259.6,106.937
81554.1,55077,97041,57935.3,43417,87450.7,19047.6,257.918,107.16
98186.7,60701,106008,58268.3,36528,104541,52121.5,308.213,107.35
98476.2,59999,107564,82703.4,56587,95782.6,35013.7,343.258,107.849
93173.7,59860,102009,80829.8,57704,91800.6,36149.1,258.913,108.15
123193,70853,113948,92726.4,59581,101994,40855.9,277.154,108.448
74331,48009,101468,78185.6,56100,91336.4,35248.2,290.772,108.794
74675.3,51497,95033.1,52610.2,40532,85065.2,50567.9,364.495,108.955
64798.4,43742,97083.5,48107.3,33367,94487.3,28477,258.358,109.314
102534,66432,101151,90837.2,63416,93873.9,41816.2,370.371,109.339
74125.1,54025,89918.8,59169.2,44745,86662.5,35785.7,288.087,110.092
68460,43448,103264,82922.6,57768,94073.1,38942.3,291.059,110.094
100392,60558,108645,79758.1,52126,100277,25049.1,280.843,110.489
93050.6,61031,99919.1,92378.5,65359,92628.7,46228.2,390.22,110.97
62066.9,39427,103168,65608.9,43219,99487.4,27765.7,290.204,111.375
125573,69158,118997,125755,79986,103036,56546.5,273.472,111.574
96155.2,62117,101448,68388.8,46077,97270.5,56291.5,269.249,112.096
86742.6,58858,96584.4,58550.7,44103,87004.9,24618.5,282.461,112.221
107510,59351,118713,116215,76671,99337.3,27820.1,263.701,112.325
84842.6,57939,95967.2,47011.4,34607,89026.4,27657.1,263.711,112.709
88633.5,60515,95987.5,107383,71011,99103.3,48753.3,443.584,112.768
132831,84622,102871,107055,66170,106029,79891.2,270.347,112.835
107713,55888,126308,122214,57896,138342,60706.2,308.708,114.342
83975.4,43842,125528,101513,57314,116076,30838.1,258.202,114.5
95145.2,51687,120638,84265,50135,110150,44678.5,414.702,114.651
86580.7,52463,108155,88182.9,62559,92379.3,26466.9,262.2,114.733
96596.8,69002,91744.7,44615.2,33571,87096.1,29525.9,265.179,115.137
153365,87121,115367,162733,86233,123675,50815.1,402.639,116.28
120246,77989,101045,64070.8,45005,93299.4,38362.8,285.798,116.381
99939.2,67534,96982.5,105366,71882,96064.2,58718.6,410.599,116.388
117964,69779,110791,49342,30747,105171,35539.5,403.643,116.45
112792,71751,103022,92674.1,57475,105672,45285.7,269.442,116.575
123238,65317,123651,140596,68493,134526,37809.2,407.734,116.639
87394.7,48301,118579,112353,52448,140390,38151.7,339.871,117.265
85889.1,49544,113613,69396.6,45877,99134.1,47289.5,271.961,117.272
79100.8,51771,100132,52674.2,37846,91213.2,32031.6,315.894,117.518
64514.1,44008,96073.4,44546.6,33493,87164.6,25977.7,267.532,117.929
88315.8,57667,100367,85750.1,60087,93526.3,37285.4,330.388,117.966
90750.8,57289,103815,89435.6,60596,96726.7,44700.1,362.231,118.089
118505,62609,124045,138822,72969,124681,45260.3,256.194,118.202
85468.1,49592,112946,112532,73393,100485,61886.4,306.511,118.242
64872.8,43441,97868.5,48860,35561,90044.9,35633.6,287.567,118.709
105097,67549,101965,93174.1,67024,91105.6,22998.9,330.798,118.909
73629.6,52693,91575.5,49826.4,37177,87834.5,28817,294.375,119.098
97654.7,67480,94841.4,65456.8,44481,96440.7,34398.4,339.058,119.331
75607.8,54010,91742.9,55546.9,41802,87084.9,22065.1,270.439,119.429
87296.6,48279,118500,90515.1,41491,142971,26099.9,276.004,119.685
123754,77456,104709,81153.5,48752,109093,39614.8,315.925,119.903
92815.8,65915,92282.1,80762,58527,90433.8,29810.4,275.23,120.177
65698.2,47839,90001.8,44301.7,33503,86659.5,26197.4,307.267,120.837
96881,53746,118133,102004,63690,104961,48563.5,421.867,121.464
96703.9,57726,109787,103943,56487,120594,73511.6,333.836,121.656
91606.6,63554,94463.4,70527.6,50998,90632.9,30834.4,345.653,121.862
142468,78130,119503,110023,68930,104606,53155.2,331.465,122.262
127334,86746,96200.1,104611,70350,97452.8,53735.7,356.337,122.494
76069.9,49490,100734,77994.5,53542,95466.2,54177.9,455.948,122.745
151793,93455,106446,98400.1,61234,105313,44882.5,299.149,122.783
84891.2,52148,106685,121602,80552,98933.7,78107.3,369.574,123.494
98421.5,62343,103462,73667.1,49775,96993.4,40411.5,336.013,123.775
82690.3,55673,97339.6,88074.5,61700,93550.2,44572.3,292.279,124.034
127408,81257,102758,64168.3,40393,104110,43319.6,289.712,124.276
106723,57882,120835,113426,69895,106352,83091.1,289.747,124.534
104911,67224,102277,68987.9,46401,97437.3,84364.1,255.213,124.618
93049.8,64235,94934.5,60937.5,43263,92309.8,26969.1,265.877,124.861
111317,72984,99957.3,74972.8,50805,96711.3,61103.6,357.972,124.914
91434.1,62197,96342.7,106672,67421,103690,70097.7,393.421,125.312
83575.7,58421,93754.2,43780.6,33625,85329.6,33130.2,271.302,125.725
117418,73824,104236,120299,75484,104445,54886.2,293.191,127.851
110519,56319,128606,114743,44610,168567,49430.2,256.45,128.67
103528,70367,96420.3,162388,104363,101974,73187.9,270.788,128.844
95071.4,55746,111768,105752,72714,95313,44851.9,309.751,128.91
105452,62014,111440,137983,78803,114752,36486.8,258.361,128.985
92700.2,53651,113236,91338.8,53079,112775,52558,254.654,129.107
106152,73755,94323,67777.3,48415,91745.4,37522.4,301.223,129.372
84752.2,57702,96258.7,46160.4,32246,93815.3,56665.2,298.374,129.835
96277.6,57165,110376,88124.4,58432,98838.3,37749.5,394.488,130.767
87683.5,57929,99197.7,62320.4,45657,89454.7,35943.7,494.777,130.77
75289.4,53212,92726.6,56833.9,41948,88792.5,33427.2,278.702,130.974
126969,69577,119594,128059,73700,113873,46574.6,288.968,130.989
111870,59830,122539,182634,86626,138170,54763.3,374.289,131.281
66826,51012,85852.6,32530.7,26428,80669.4,33273.4,282.952,131.829
71307.8,48752,95857.1,57936.1,40540,93658,21382.3,284.794,132.112
103853,65567,103804,83114.5,54715,99552,120395,330.754,132.317
100227,64640,101616,61262,36020,111462,59826.7,488.436,132.789
97404.6,58933,108318,95331.6,66813,93509.5,39135.2,278.327,132.874
96960.8,61412,103472,76721.6,52524,95728.1,36192.5,334.17,133.224
112224,74116,99232.3,61304.9,43676,91988.2,35017.7,276.478,134.444
89525.7,62287,94195.5,50217.2,35202,93490,22276.8,257.175,134.655
79146.4,46377,111843,92936.2,58644,103858,32154.4,270.306,134.978
123467,75810,106735,84143.3,54910,100426,37110.3,439.58,135.196
132157,78929,109732,121827,82397,96897.1,44850.2,344.201,135.226
107244,66444,105778,132704,79957,108769,22385.8,297.978,135.583
99587.4,67048,97341.6,72515.8,53640,88598,21963.2,292.706,135.79
83611.4,55323,99046.6,50448.8,36815,89806.2,25188.4,295.144,135.792
89185.2,60970,95864.3,55525.1,42007,86625.8,39084,301.12,136.551
163965,98354,109254,101157,63590,104253,51211.2,308.273,136.666
83860.7,56370,97496.8,67183,47970,91784.5,58842,274.381,136.948
109719,59338,121179,138835,67358,135079,115152,405.829,137.162
79778,53655,97443.5,90764.7,64743,91876.4,28073.2,312.444,137.384
67376.3,49233,89687.2,42485.8,31533,88299.6,51585.2,262.668,137.739
111613,74807,97780.4,87862.3,60739,94801.4,35140.1,278.059,137.966
99124.5,49979,129979,135435,81119,109417,58743,337.988,139.665
112740,73674,100287,76801.9,48579,103610,24819.6,324.318,139.878
95658.2,53864,116387,90142.3,59557,99191.8,77755.1,256.177,140.073
76424.8,52128,96082.3,78748.8,58976,87508.2,42386.8,288.713,140.557
58491.1,44467,86204.9,60307.3,42539,92910,16332.9,271.876,141.388
93448.1,48981,125032,126386,54345,152412,48942.2,342.872,141.477
91136.2,61340,97370.4,68618.2,50001,89937.4,35296.9,276.459,141.91
88361.4,57409,100870,63056.8,46045,89748.9,41821.2,261.72,142.177
91219.8,55159,108381,73542.3,49095,98170.2,32570.9,305.258,142.61
76776.7,51662,97395.4,61921.1,45518,89152.9,18825.2,260.582,143.772
103461,62825,107926,89082.2,60996,95712.7,38476.3,334.02,144.154
86014.5,56648,99510.1,91565,61637,97357.1,23254.9,258.701,144.278
74046.8,49603,97831.4,79504.6,57423,90737.4,32647.9,312.143,144.404
99934.7,65907,99372.1,74851.1,53803,91174.2,27927.4,278.534,144.432
100141,56791,115561,95207.6,56547,110342,58065.2,273.372,144.833
150206,83892,117340,182781,103580,115647,97179.5,319.56,144.84
104793,72523,94696.7,69561.2,47254,96473.6,37134.7,304.958,144.906
121250,73176,108590,111566,67505,108312,43728.6,279.085,145.145
96577,67470,93808.7,57039.1,42986,86961.1,38394.7,258.235,145.557
157064,95841,107400,185899,118581,102741,87482.9,401.818,145.844
114036,63826,117091,134374,82022,107366,52862.1,325.124,145.899
109989,54928,131230,118657,57208,135930,38069,307.547,146.138
69894.9,50183,91278.6,40530.4,30531,87000,38874.7,277.284,146.338
113822,64179,116229,144489,77619,121996,50122.7,295.094,146.951
68957.1,47859,94426.8,51973.7,39199,86893.8,34554,323.678,149.115
96901.5,59612,106531,66632.3,44869,97323.6,39490.4,297.913,149.748
101040,59494,111301,95959.5,61294,102601,51950.8,398.854,149.941
110303,61998,116598,107981,63975,110616,48673.3,364.62,150.17
94997,58631,106185,120963,81099,97750.2,46628.9,428.884,150.18
98718.7,64550,100227,78170,52370,97822.3,48322.9,274.543,150.976
93141,63631,95929.5,58976.6,41851,92353.6,21586.3,300.151,151.159
90714.4,63506,93614.1,63408.5,47978,86613.5,33385,346.015,151.419
96159.8,64943,97037.8,110045,78139,92295.7,83329.4,659.141,152.005
85704.4,55723,100797,78313.6,55435,92583.3,39608.5,284.656,152.346
122108,76975,103962,111730,76251,96029,70223.8,434.753,152.358
95376.2,58689,106503,86761,54537,104259,33395.3,276.054,152.505
150071,95266,103238,170420,114342,97677.5,56464.9,420.287,152.571
141028,78870,117185,80348.6,47346,111218,50269.3,264.875,153.034
77123.3,49805,101483,81591.9,55024,97179.5,42297.5,304.089,153.46
83822.7,59251,92714.1,67920.1,49771,89433.8,29808.9,303.32,154.342
83640.3,58963,92964.2,45517.7,33959,87842.6,17753.6,290.333,154.686
154897,91131,111393,162497,99051,107514,30123.4,299.589,155.62
96434.1,51346,123085,71110.3,40194,115945,52421.3,296.003,156.176
142030,95067,97910.9,97284.7,64886,98259.3,38756.5,264.572,156.312
94642,65550,94621.8,78579.5,55299,93126.2,38150.5,420.431,156.338
70451.2,46195,99947.9,46428.7,33551,90690.4,19816.7,256.807,156.349
116966,67637,113333,122162,76249,104998,52704.1,376.015,157.087
83999.8,58411,94246.1,66951.3,49067,89423,36343.7,275.86,157.587
81936.4,50988,105315,83476.4,56193,97355.7,26971,316.757,158.735
100132,67665,96981.7,50939.5,36493,91479.7,31482.5,282.54,159.494
105490,55830,123829,164882,69946,154486,44058.5,377.113,160.606
106195,59358,117248,116500,70503,108292,55141.8,269.324,160.677
94712,59703,103965,90884.8,64507,92334.6,33053.8,331.197,160.98
87800.5,57078,100811,51590,35110,96297.4,69773.1,298.572,161.036
93068.8,52399,116402,106178,58463,119023,61530.9,263.074,161.101
137510,84674,106430,165224,93314,116039,72072.1,318.561,161.413
88197.2,56315,102639,105172,64751,106447,38901,511.542,161.429
79372.9,45574,114139,85512.2,53714,104333,56483.4,271.356,161.697
97277,52828,120677,115567,73153,103534,45721.2,290.614,162.765
72182.5,48445,97647.9,57581.9,42032,89781.4,38802.9,282.059,162.911
122735,79153,101621,118192,74873,103453,47117,403.942,162.935
117212,78420,97954.5,83120.7,59304,91855.5,48921.4,296.233,163.232
99126.8,60564,107265,121838,85144,93779.9,43890.1,279.074,163.608
84203.4,56231,98137.3,112049,80087,91690.5,36766.1,255.693,163.777
83161.5,57181,95312.6,79556.1,57632,90466.9,33521.9,391.586,163.925
68421.3,49429,90717.1,37485.2,29081,84475.5,35518.1,291.285,164.114
94568.3,61770,100334,111589,80263,91114.3,26189.6,278.118,164.231
82704,50504,107320,102115,65717,101834,50573.2,372.445,164.522
111244,79045,92232.3,76670.9,54137,92814.6,44211.2,387.703,165.196
112733,70645,104580,65776.6,43737,98560.4,44493.9,273.204,166.182
63152.2,42526,97322.6,61229.2,44314,90551.9,42820.5,286.564,166.362
80343.4,53337,98719.2,57921.2,39060,97181.9,43389.4,276.457,166.496
116498,66239,115262,143590,84683,111124,59188.1,414.808,166.778
65182.9,44699,95568.8,66423.2,50438,86306.2,29316.7,272.082,167.47
77477.4,59051,85986,37907.2,30059,82647,22334.2,271.481,167.473
82082.3,56329,95498.7,41545.9,30884,88160.6,59324.6,282.829,168.68
83711.7,46679,117529,57175.6,35639,105139,40356.4,324.886,168.876
79264.2,42655,121783,101617,45074,147747,35554.4,270.082,168.91
115079,77006,97938.2,88402.1,61815,93723.5,49307.1,313.698,170.478
95940.1,63955,98311.8,58595.2,43143,89008.5,37953.1,295.895,170.62
89216.4,65743,88935.5,51951.1,39915,85298,33063.5,414.406,170.857
97745.1,54412,117728,57891.6,35825,105903,44939.4,272.115,171.603
100503,68797,95739.3,69625.1,50160,90968,48272.3,272.426,172.004
135376,81563,108775,164271,88598,121511,93640.5,388.163,172.15
97857.6,66312,96712.4,74562.5,54821,89136.1,47740.2,372.631,172.151
158167,90876,114064,153871,91877,109757,69322,278.992,172.842
89622.2,55048,106697,49193.8,34273,94067.2,58900.9,355.997,173.569
112744,74059,99769.4,67017.6,44134,99516.6,24512.1,297.838,173.899
99299.3,53164,122408,157654,86273,119760,41777.9,278.153,173.905
113660,74030,100619,76714.6,54606,92069.8,32262.8,305.809,173.918
106622,70899,98556.7,63949.9,44255,94701.6,26291.5,287.121,174.771
126006,78954,104592,96574.9,58231,108690,32652.2,329.103,174.801
113222,68561,108226,144456,87341,108392,50917.5,358.112,174.805
89831.2,54855,107323,55695.1,36203,100821,50628,299.831,175.252
105401,67104,102938,102533,68808,97656.9,39192.5,262.953,175.423
67009.2,42702,102841,72892.6,50766,94100.1,50855.1,293.986,175.779
98055.2,68718,93514.7,52699.9,40206,85901.2,32822.3,324.852,175.864
95385.3,63573,98330.6,44038.8,32301,89351,31969.8,325.968,176.077
85199,56988,97978.6,45361.7,32405,91739.6,33745.8,263.311,176.091
82104.3,49207,109350,105265,67251,102580,51820.5,401.513,176.649
113951,57179,130606,79847,48214,108534,46997,273.04,176.859
89977.9,58979,99981.2,93559.4,64739,94711.2,30699.1,262.981,177.542
109125,69055,103564,58869.7,38879,99233.2,29138.5,318.734,177.863
108292,67477,105177,146790,90605,106175,40140.1,302.111,177.963
78442.6,40566,126727,82217.5,38118,141356,18257.8,308.32,178.637
85528.9,62223,90082.8,51429.3,39842,84595.9,48936.5,447.282,178.669
101034,64724,102302,110638,75728,95747.2,39881.4,354.598,178.962
105425,66569,103789,89170.4,57940,100861,29979.6,311.789,179.318
86574.6,53647,105761,97404.8,68351,93393.3,37865.8,293.78,180.766
82965.4,47294,114966,82798.6,51002,106394,43484.9,327.331,180.919
71382.2,47951,97560.1,73550.9,49599,97184,39686.1,269.281,181.149
83029.2,50031,108761,101883,53202,125503,45319,313.43,181.824
101461,64902,102452,84845.3,57682,96397.8,36871,274.766,182.134
92977.6,61382,99269.9,89355.2,63678,91962.4,74518.8,259.04,182.154
74372.1,47691,102201,65385.1,44038,97304,63337.1,308.005,182.506
97651.6,65750,97333.8,78429.8,53146,96714.2,34262.2,323.697,182.852
76179.4,52772,94604.9,51480.8,39528,85353.3,38221,311.777,183.045
130543,73426,116515,144186,90134,104837,68618.8,328.858,183.188
96546.6,67691,93473,94609.3,70550,87885.4,37409.4,265.72,184.229
95470.4,62857,99539.4,101831,70484,94682,43831.8,400.448,184.557
92808.2,66019,92129.2,75217.7,56679,86971.7,33880.2,316.832,185.101
68203.2,46345,96445.4,82414,58484,92351.5,39686.3,294.191,186.025
99440.7,66260,98354.1,98852.5,64832,99925.9,32283.2,266.057,186.073
115857,83128,91339.1,66988.7,49953,87886.1,43812.6,291.799,186.423
115563,74690,101400,86212.6,56894,99308,48701.9,343.418,187.118
136187,84063,106173,73327,45138,106464,91931.8,312.485,187.915
127293,77923,107058,127769,76739,109116,67894.7,337.916,188.135
81401.3,55673,95822.3,67103.4,50036,87890.5,43751.4,434.373,189.212
96852.1,52802,120209,92333.3,58990,102579,43961.8,408.919,189.971
83336.3,51319,106423,103752,72351,93979,38196.1,375.909,190.013
71537.3,48603,96460.5,49097.1,37771,85187.8,26452,265.381,190.349
96870.4,66070,96087.4,71763.9,50258,93579.5,42872.8,283.911,191.05
104370,68708,99551.7,78344,57016,90051.1,53795.7,295.383,191.261
76763.8,51225,98209.7,86605,60772,93394,29323.4,319.782,191.543
94027.2,64098,96136.6,53325.5,36142,96694.7,51995.3,301.331,192.613
66897.5,48654,90109.6,70602.5,54835,84380.5,20251.8,262.078,193.152
90643.7,53741,110538,59339.3,37664,103251,33573.8,311.022,193.25
70941.4,44610,104219,87331.1,63838,89654,25720.9,273.379,193.287
74027,44443,109161,75000.9,49734,98831,54939.6,277.288,193.745
93487.6,52827,115979,118380,66431,116785,30769.5,383.817,194.061
105257,66683,103446,89941,59663,98794.5,31436.2,297.383,194.392
181775,119070,100049,125664,81498,101052,74706.5,723.308,194.416
125039,78003,105054,70824,47107,98531.5,33208.8,310.516,194.748
87142.4,54906,104013,75805.9,46542,106743,42028,289.797,195.001
95202.9,66998,93125.4,58291.7,41014,93144,25451.3,327.457,195.032
98695.1,49135,131639,129833,72331,117636,62175.2,424.682,195.334
120142,71841,109598,173675,103145,110349,106735,357.622,195.345
88582.6,55446,104703,76914.2,54362,92723.8,43465.4,261.612,195.63
67368.7,44990,98134.6,67076.9,47354,92831.7,24800.9,257.539,195.643
85015.1,54960,101375,118672,76112,102182,123781,723.261,195.895
121089,68346,116110,93449.5,55310,110727,69469.4,376.502,197.008
196892,120290,107270,118776,70746,110029,68061.6,534.005,197.074
93771.8,57464,106944,123144,70945,113755,66351.6,380.417,197.248
101723,58555,113850,142026,70987,131120,70139.5,468.148,197.423
70613.9,50801,91095.7,46548.1,35885,85009.7,36681.3,342.618,197.777
87975.3,61454,93819,113449,77038,96511.1,42601.6,307.779,198.686
120100,78135,100734,54349.6,37483,95025.9,26534.6,397.345,198.881
88231.4,56418,102491,53863.7,37246,94775.6,27104.4,281.238,199.445
107122,67777,103580,143277,92717,101274,29350.1,311.3,199.516
102177,62054,107911,155544,112242,90819,38969.5,293.178,199.789
101025,50181,131938,92654.6,47789,127063,50218,385.188,199.894
81654.4,53630,99781.9,90775.6,60494,98341.5,41877.1,303.057,199.976
104805,64054,107230,91521.3,62338,96216.4,31315.2,301.631,200.062
85845,58035,96940.5,46656.5,35327,86553.6,37124,356.899,200.322
121555,76043,104760,86362.4,52470,107868,33622.9,281.339,201.805
77355.8,54543,92946.7,48567.5,36511,87177,28107.6,310.852,202.776
105784,67554,102624,99890.7,72594,90178.8,39942.8,329.684,202.962
107470,68914,102202,69819.4,47878,95569.6,30835.8,288.412,203.416
83672.2,60139,91181.1,55765.3,42207,86588.4,24041.1,291.509,203.554
114639,69311,108395,88788.2,58543,99394,19506.2,324.137,203.613
95306.3,58575,106632,143192,90146,104101,33628.8,392.109,203.797
84629.8,54812,101188,66270.4,47973,90532.1,20904.6,265.215,203.917
115575,69482,109011,91905.1,57911,104006,54496.8,268.837,204.416
74308.2,46519,104686,76508.6,54067,92738.1,35782.4,325.187,204.581
106296,55085,126463,92549.3,49840,121696,37307.9,463.417,204.584
160404,90922,115618,128905,70951,119067,64869.1,307.375,204.866
99703.6,70120,93185.7,63368,46677,88970.7,26765.3,307.76,205.005
87890.2,46862,122913,64013.8,40890,102597,34110.9,323.177,205.68
71797.2,49850,94389.2,67934.9,47975,92802.1,36143.3,270.573,205.761
94116.9,63158,97660.5,101774,74902,89048.2,50694.5,483.737,205.826
92682.8,59752,101654,63697.9,44309,94213.5,41587.1,265.976,206.479
99510.6,66325,98326.8,123558,76457,105909,25245.9,273.41,206.542
62504.7,42959,95353.9,54987.7,41643,86537.3,39200.5,257.122,208.276
137153,73262,122689,158880,82906,125592,84509.9,257.853,209.051
90311.6,57030,103781,55793.4,37346,97908.1,42934.2,263.237,209.269
79291.6,49062,105916,95620.2,65990,94962.4,56900.1,260.729,209.433
104913,60542,113568,113574,73930,100679,94014.4,377.008,210.291
79119,51302,101071,53886.3,39890,88530.8,16944.1,282.436,210.323
77595.2,52635,96614.1,91461.2,65919,90929.8,28193.7,392.466,210.338
123251,78171,103330,95844.1,62571,100386,52945.4,266.819,210.384
92153,49944,120922,124127,72213,112650,92726.6,344.233,210.495
90180.1,57957,101973,108562,72285,98425.9,23015.1,273.027,211.2
79085.6,50910,101806,64194,43006,97824,42705.9,317.312,211.236
92515.6,59083,102620,88492.6,55707,104106,63349.6,310.125,211.749
160441,108195,97182.7,101617,70347,94667.3,50627.7,280.221,212.185
72080.7,43720,108048,90620.4,47493,125048,55314.5,289.453,212.445
111225,65570,111168,130840,57670,148686,39176.4,445.274,212.726
79576.6,50178,103933,76287.1,56926,87825.5,37609.9,456.507,212.916
118017,68323,113203,141228,81603,113422,71531.3,328.667,213.402
109628,71203,100903,88863.1,58163,100128,101788,296.997,214.778
116405,70215,108648,67111.2,43735,100565,33248,300.444,215.125
117171,59696,128634,111390,57420,127135,72073.1,341.881,215.786
94421.6,59748,103569,86594,58716,96652.1,35382.3,261.084,216.475
137473,88804,101453,79180.1,50844,102060,70802.7,363.165,216.583
110230,68127,106038,89801.4,55247,106526,39712.4,312.209,216.954
93904.1,58180,105777,81557.6,56892,93949.2,27523.6,267.96,217.347
89930,59231,99502.9,67368.6,48635,90779.6,20149.8,257.315,217.434
165231,98539,109891,185913,106710,114179,90650.9,482.17,217.84
90120,59746,98853.6,79056.1,57050,90815.5,32406.9,279.299,217.873
88511.9,58468,99211.8,81220.6,54840,97061.9,40610.2,309.5,218.197
86442.4,58711,96491.1,71994.8,48827,96632,29286.6,259.364,218.245
85006.8,59471,93676,51999.5,39419,86451.6,35483.7,261.077,218.52
98147.9,65835,97702.2,77357.3,54390,93209.9,56958.7,291.465,219.045
122689,77011,104408,163473,109535,97807.8,141277,458.171,219.12
110176,58574,123271,109232,65018,110102,85665.7,264.137,219.854
111932,59795,122679,159463,82719,126338,40981.5,342.865,220.33
71329.8,48018,97352.4,56330.8,39670,93060.2,73248.2,354.524,220.867
123317,74446,108558,117264,68391,112368,46667.4,291.082,221.117
94762.1,63022,98542.3,61949.9,45722,88796.4,41111.5,257.527,221.959
69777.1,46813,97684.7,66619.8,46784,93322.4,29504.2,293.8,222.653
112944,77326,95723.6,80421.9,56282,93645,38213.5,300.117,223.073
110539,75740,95646.7,111264,79772,91407.9,62701.6,302.747,223.974
113682,76358,97570.5,125744,92450,89137.3,48410.7,450.497,224.277
87827.9,57248,100543,88705.5,59740,97311.8,48573.7,387.946,224.394
75564.5,53212,93065.4,65463.1,50161,85528.3,22119.2,260.366,224.559
134166,76125,115503,85130.8,49360,113029,24562.9,291.475,224.873
92764.8,52111,116663,96457.9,60203,105003,33734.2,323.732,225.078
90601.1,55377,107222,131493,75753,113758,29267.2,383.916,225.271
64709.4,45631,92936.8,60711.3,43311,91865.2,26286.3,277.582,225.381
107889,69600,101589,85881.9,54300,103653,41223.4,273.949,225.446
79732.4,57078,91547.4,43123.9,32326,87427,24356.7,271.348,225.897
92267.8,52496,115187,91125.1,62300,95858.3,28724.4,317.701,227.746
92477.6,56099,108034,93288,57443,106431,36594.4,357.464,227.857
82010.8,56267,95520.7,72290.4,54406,87079.1,31517.3,265.578,228.064
127832,70626,118619,83098.1,50446,107955,44506.9,285.924,228.293
102993,72179,93514,61169.9,41495,96610,40343.2,257.047,228.328
92641.7,66723,90993.6,60948.4,42915,93075,33290.4,356.621,229.031
119033,71388,109275,90150.8,56533,104508,32579.3,280.348,229.205
99566.1,58544,111457,151415,83416,118960,48133.6,297.875,229.345
80405,51122,103075,79857.2,56074,93332.4,42486.7,284.996,229.605
83115.9,53110,102562,87412.3,54634,104855,37109.9,298.6,230.426
90067.6,62215,94875.4,51492.5,38595,87436.5,26077.7,324.235,231.406
105791,63967,108386,120923,76783,103210,73312.9,389.5,231.414
100684,64656,102054,99814.3,64028,102165,40885.2,292.522,231.777
104323,71238,95972.8,85988,62870,89634.3,41935.8,292.983,231.802
93849.4,63474,96898.1,66982.5,45842,95758.6,40679.9,364.085,232.095
83711,59310,92498.4,60320.5,42499,93017.8,24818.6,297.818,232.261
112851,73903,100074,68076.1,46191,96586.6,40055.2,294.696,232.399
88845.5,59492,97871.6,73720.9,54188,89159.5,42334,343.836,232.83
99221.8,63842,101855,67484,46454,95204.6,33288.1,353.441,233.243
85113.9,55178,101091,97139.6,65662,96953.2,21110.9,283.752,233.283
69092.4,36939,122581,73781.8,39055,123809,4346.38,281.144,233.474
114128,72876,102633,72940.9,47793,100020,29432.7,347.865,233.668
103200,64032,105624,115750,74876,101311,47874.1,353.012,234.113
107948,68645,103059,83612.1,53101,103192,25042.2,278.723,234.793
110748,63374,114526,93196,56506,108089,45856,266.225,234.795
158058,101476,102078,132188,83820,103353,70042.3,715.665,234.882
124130,70966,114632,120193,72274,108988,79148.3,382.226,234.922
91547.3,60820,98645.9,114290,74100,101081,43789.9,262.651,235.065
100027,66970,97884.8,118514,76414,101643,31178.7,333.44,235.332
127351,69632,119860,131968,74456,116158,18993.8,257.391,236.085
85914.2,56136,100301,115604,79317,95518.1,72782.4,686.334,237.179
95502.4,60426,103579,86006.7,57150,98627,66714.8,425.443,237.317
112849,69542,106349,72717.8,44238,107727,69834,296.978,237.534
90211.2,48876,120961,96720,61381,103267,32045.4,260.773,238.007
104735,64769,105975,116169,83181,91526.6,49613.9,338.058,238.299
148211,97546,99575.4,118424,75546,102733,71926.8,713.951,238.319
92165.2,56009,107842,93744.3,59444,103351,55887,290.475,238.386
134422,73374,120063,133214,85770,101787,66724.8,367.143,238.916
115802,72083,105284,105628,71415,96932.9,90278.8,480.604,239.114
86341.3,63239,89477.5,58596.7,43811,87653.7,33512.6,326.396,240.05
98297.6,65383,98527.7,71281.1,49483,94405.7,32558.3,276.639,240.18
92711.6,45499,133540,62609,32646,125686,52970.6,387.657,240.227
91163.5,61474,97187.3,78536.6,57466,89565.6,45475.1,277.38,240.941
113039,69919,105953,107649,71631,98489.6,33863.9,473.713,241.632
113029,60742,121949,66633.1,35302,123700,45602.9,410.932,242.431
75491.6,50383,98196.1,84971.6,60043,92745.2,22279.6,334.555,242.471
97702.6,60964,105030,86633.8,61200,92771.8,27372.1,372.91,242.603
102577,67879,99036.5,66182.2,43091,100655,40941.5,352.938,242.871
83797.6,55623,98731.8,68754.7,44971,100196,45715.5,271.534,243
81462.1,52977,100774,50752.3,32685,101762,50683.5,325.267,243.204
92093.8,55339,109063,95827.7,66159,94925.3,26021.4,265.409,243.653
65075.8,49438,86265.7,45821.1,37098,80945.9,33494.7,323.218,244.061
97025.4,56561,112421,74493.1,50841,96024.5,48257,518.347,244.425
107798,70594,100075,84252.5,57010,96852.7,28831.5,275.824,244.772
70138.9,47237,97309.8,77189.6,59197,85455.3,25252.8,343.9,245.97
92097.6,57681,104639,103380,59325,114204,44203.3,293.894,246.272
90076.7,59234,99660.1,64821.1,40946,103749,93118.5,265.767,246.482
114879,57635,130627,164742,70991,152083,55864,275.107,246.66
112064,62731,117075,125903,76335,108092,31387.9,261.346,246.87
93078.7,57731,105663,112499,68743,107251,48179,293.102,247.374
86931.1,58069,98109.4,47423.2,35405,87782.2,47345.8,298.987,247.749
128879,74549,113298,130705,53625,159736,30986.5,279.923,247.805
90266,58754,100685,69722.6,50326,90794.9,41197,268.121,248.449
123490,79194,102193,136335,89034,100353,47421.3,467.522,248.855
124645,75830,107725,171823,111718,100795,39832.2,325.451,249.066
77565.6,47207,107682,88058.1,58223,99118.5,48313.6,338.673,249.431
111690,69011,106066,74793.4,51459,95253.7,23047.7,280.975,250.199
86843.7,47955,118682,125872,68303,120773,29522.6,275.779,250.263
107833,66974,105518,107549,73274,96191.2,70947.9,327.645,250.579
108232,57502,123354,74596.9,43159,113274,50537.4,273.337,251.031
93668.5,56074,109474,90101.7,58666,100653,42664.3,393.105,251.474
108333,62115,114300,125281,75363,108945,53756.2,316.585,252.047
130730,81623,104964,97442.3,58135,109847,43708.1,258.946,253.03
106367,62564,111419,93318.4,65052,94012.7,54229.7,346.234,253.172
109681,63414,113351,93483.8,58358,104982,34357.4,259.031,253.742
94659.5,64434,96278.5,54260.7,39402,90250,47594.3,408.681,253.942
103105,50736,133182,148744,78676,123901,66605.2,314.681,254.721
88399.4,51062,113457,122862,82146,98019,39980.8,372.081,255.276
119797,68182,115148,80734.7,49514,106859,65326.8,344.445,255.606
77801.2,49535,102933,96028.1,67787,92839.3,26591,256.362,255.797
89247.6,52206,112036,77085.1,51811,97505.3,30369.2,260.883,255.912
91033.6,58606,101798,69098.6,44922,100807,34589.8,294.526,256.029
78898.6,42815,120768,82995.1,50799,107072,72397.8,268.19,256.161
76923.4,55214,91303.9,50144.6,38055,86356,50594.1,540.453,256.536
120783,61654,128388,89856.8,36670,160591,44583,334.149,257.559
70540.9,46578,99252.2,55947.1,42478,86316.4,33715.5,258.543,257.754
136816,86678,103445,120657,77690,101781,54092.5,375.393,257.951
125721,78883,104449,117540,76400,100826,26902.6,274.891,258.093
97824.9,64182,99888.7,63949.9,40506,103467,70315,338.817,258.103
79741.5,51570,101337,69729.7,48222,94765.9,35026,318.877,258.289
97744.4,55216,116013,73042.3,41564,115169,59130,267.472,258.994
118469,69841,111166,154023,92953,108593,61439.3,310.25,259.708
109118,53515,133629,148953,78431,124463,66491.7,295.608,259.788
130168,71377,119516,157889,82637,125215,35087.6,417.453,260.474
130826,75384,113735,173789,107269,106176,61708.4,377.013,260.657
147488,90518,106783,100264,63974,102712,39822.9,451.592,261.67
86491,52556,107852,75392.5,48661,101538,65669.9,447.242,262.942
100816,59471,111098,114882,66050,113988,49933.7,272.847,263.343
112938,74379,99510.2,113934,70159,106426,61651,425.246,264.112
131591,75377,114411,187311,84541,145203,48940.8,365.662,264.926
84841.1,56059,99183.8,57355.7,42463,88521,34098.4,262.758,265.127
111177,57376,126988,111251,56024,130140,65988.8,289.811,265.6
89416.3,58759,99729.1,101593,70931,93865.5,128906,477.004,265.765
105023,68226,100882,81182.4,54434,97739.8,36522.9,281.149,266.524
87021.5,56671,100634,59887.6,43055,91157.7,28513.1,379.195,267.652
74512.7,43154,113159,88147.8,60742,95104.8,46319,376.434,268.105
69305.2,46290,98120.2,45273.5,34134,86923.5,37536.6,260.942,268.628
102652,62896,106960,70244.5,46604,98780,68339.1,474.627,269.303
78800.6,50874,101511,63428,43694,95134.8,30055.5,332.454,269.372
84268,57040,96819.6,56989.9,43004,86849.9,49324.3,346.557,269.614
123845,65562,123796,124392,64954,125507,116547,767.727,269.643
100273,62892,104488,53263.1,37029,94268,32398.8,292.55,269.924
107032,64643,108510,68368.6,43743,102430,30162.1,277.327,270.14
114695,72294,103974,122830,62802,128178,53919,323.995,270.271
112588,70826,104179,80562.3,52842,99915.4,36076.6,353.788,270.804
85677.8,55531,101114,77644.3,51515,98777,46592.4,325.006,271.354
113544,74500,99882.1,77719.2,52520,96980.3,25600.9,298.827,272.827
72174.2,47199,100214,91503.4,63330,94690.7,35629.6,421.657,273.198
72376.3,46791,101371,77704.4,56167,90665.9,39621.7,289.425,274.081
62241,43433,93915.3,58791.7,45460,84755.3,29923,295.362,274.565
81506.2,53105,100585,86392.8,62349,90808.8,24738.5,257.543,274.832
105087,69898,98528.8,62851.6,45575,90379.5,30877.4,343,275.288
84632.8,53506,103661,61454.6,43962,91613,30939.8,277.806,275.313
79351.6,55107,94368.9,44988.8,32855,89739.4,27604.7,267.955,275.707
131981,84830,101963,78134.2,53127,96384.1,60253.3,327.288,275.781
102339,66998,100105,56897.9,42098,88575.7,21666,294.315,276.302
56891.3,40147,92869.4,48893.5,36039,88911.6,38622,437.36,276.778
71633.8,46976,99936,82478,58444,92486.4,40743.1,362.491,276.835
113719,77075,96693.8,90016.7,59731,98765,43355.3,265.859,276.84
127876,81218,103185,111918,63678,115184,42346.8,263.276,276.943
72708.4,50434,94480.3,51441,37034,91030.9,29886.2,269.925,277.057
134050,75804,115892,149819,66581,147468,31678,360.437,277.328
88483.8,56073,103416,88932.5,64932,89759.7,45066.8,355.317,277.442
100318,69406,94724.8,92518.9,63715,95163.1,53651.9,370.122,277.538
90139.8,60496,97649.5,82481.9,59652,90617.8,21436.1,283.201,277.602
93122,66494,91780.4,52859,37966,91244,33518.7,331.166,277.743
60982.4,40963,97564.7,65558.2,41923,102484,42584.7,263.79,278.653
74194.2,47331,102732,58173.2,40291,94622.6,47070.2,342.465,278.836
80426.2,48206,109339,95434.6,58698,106552,29036.4,285.351,279.302
67333,46219,95474.4,57811.3,43039,88029.9,31146.9,291.572,279.378
67739.6,50166,88493.8,51129,38838,86276.1,36751.7,270.534,279.379
101210,69118,95964.8,65053.6,45459,93784.5,27518.1,270.081,279.497
135670,82410,107891,153824,64574,156115,53654.7,286.912,279.803
99642.8,68298,95613.2,57313.6,40334,93125,34908.6,272.245,280.193
86858.1,57547,98916.3,47562.1,33014,94415.3,37748,293.788,281.072
102923,61592,109514,89384.1,55345,105843,42913.6,307.758,281.786
85859.5,58474,96228.9,53743.6,38147,92330.7,39083.2,270.38,281.864
102736,71024,94797.7,58457.1,43612,87843.8,26451.8,302.481,282.215
104358,66323,103120,171544,115259,97539.4,57061.6,455.758,283.693
153376,91115,110318,103532,61819,109757,43161.5,313.042,284.435
141140,82194,112535,117812,69586,110955,52171,262.1,284.607
94676.2,66026,93973.6,63066.9,47022,87898.3,43838.4,256.288,285.488
94259.8,60325,102402,98248.8,69817,92224.4,39834.8,312.201,285.618
105852,59314,116956,68706.3,33878,132910,43196.3,261.63,285.883
90395.9,62463,94843.1,63538.8,48226,86345.1,25268.6,301.499,286.331
104640,56938,120441,128223,78618,106887,44495.6,333.624,286.666
121965,68366,116916,76846.4,47923,105090,47537.7,263.994,286.756
112044,78639,93374.8,65457.6,45282,94735.9,58123.2,260.118,286.937
71547.2,53984,86857.5,44180,34324,84354.4,45905.8,304.382,287.247
92167.5,58664,102964,72164,49212,96101.4,52447.5,341.581,287.388
83041.4,51798,105066,66576.1,44450,98158.2,48467.3,370.463,287.513
88029.3,52361,110179,114624,69037,108811,52280,494.762,287.794
84794,56261,98772.8,65056.7,44401,96023.8,36553.1,258.887,288.08
92549.8,53403,113577,131875,82443,104831,55914.1,328.634,288.517
65542.4,45416,94578.7,55323.8,41937,86456,28435.6,259.42,288.963
118201,59604,129964,160531,70472,149287,42839.5,306.173,289.319
114818,74500,101003,120178,86172,91398.2,47871.9,281.992,290.206
114939,74731,100796,85448.2,58086,96407.6,30489.5,256.105,290.964
89167,63481,92053.5,76387,53764,93112.4,50206.3,256.929,291.451
106321,69327,100507,65647.1,46459,92603.2,74394.3,312.048,291.479
88636.5,50770,114416,124075,78706,103314,53309.5,434.805,291.49
94151.1,53872,114536,87406.8,56152,102014,46238.9,367.96,291.557
