geno,repa_x,repb_x,MA90_mean,MA90_sem,repa_y,repb_y,SI06_mean,SI06_sem,repa,repb,G189E_mean,G189E_sem,pos1,pos2,pos3,pos4,pos5,pos6,pos7,pos8,pos9,pos10,pos11,pos12,pos13,pos14,pos15,pos16,som_mut
0000000000000000,8.612721168,8.472320186,8.542520677,0.070200491,6,6,6,0,6,6,6,0,0,0,0,0,0,0,0,0,0,0,0,0,0,0,0,0,0
0000000000100000,8.950926203,8.924759495,8.937842849,0.013083354,6,6,6,0,7.024655872,6.883408954,6.954032413,0.070623459,0,0,0,0,0,0,0,0,0,0,1,0,0,0,0,0,1
0000000001000000,8.749807464,8.638035914,8.693921689,0.055885775,6,6,6,0,6,6,6,0,0,0,0,0,0,0,0,0,0,1,0,0,0,0,0,0,1
0000000010000000,8.606171761,8.617546826,8.611859294,0.005687533,6,6,6,0,6,6,6,0,0,0,0,0,0,0,0,0,1,0,0,0,0,0,0,0,1
0000001000000000,8.802304071,8.764443088,8.78337358,0.018930491,6,6,6,0,6,6,6,0,0,0,0,0,0,0,1,0,0,0,0,0,0,0,0,0,1
0010000000000000,9.294894872,9.278858835,9.286876854,0.008018018,6,6,6,0,7.568304785,7.325300321,7.446802553,0.121502232,0,0,1,0,0,0,0,0,0,0,0,0,0,0,0,0,1
0010001000000000,9.650265062,9.552609987,9.601437525,0.048827537,6,6,6,0,8.638978695,8.659602299,8.649290497,0.010311802,0,0,1,0,0,0,1,0,0,0,0,0,0,0,0,0,2
0010000000100000,9.607406825,9.560021559,9.583714192,0.023692633,6.771168073,6.548372922,6.659770498,0.111397575,8.452972634,8.365114331,8.409043483,0.043929151,0,0,1,0,0,0,0,0,0,0,1,0,0,0,0,0,2
0010000010000000,9.36052281,9.27774313,9.31913297,0.04138984,6,6,6,0,7.715203959,7.946332213,7.830768086,0.115564127,0,0,1,0,0,0,0,0,1,0,0,0,0,0,0,0,2
0000001000100000,8.945468495,8.932128445,8.93879847,0.006670025,6,6,6,0,7.831815662,7.730194605,7.781005134,0.050810529,0,0,0,0,0,0,1,0,0,0,1,0,0,0,0,0,2
0000000001100000,9.123699013,9.149325594,9.136512303,0.01281329,6,6,6,0,7.551797888,7.644553768,7.598175828,0.04637794,0,0,0,0,0,0,0,0,0,1,1,0,0,0,0,0,2
0000000010100000,8.937367707,8.862992614,8.900180161,0.037187546,6,6,6,0,6.976737318,6.989708917,6.983223117,0.006485799,0,0,0,0,0,0,0,0,1,0,1,0,0,0,0,0,2
0000001001000000,8.911746479,8.8093431,8.86054479,0.051201689,6,6,6,0,6.274865243,6,6.137432622,0.137432622,0,0,0,0,0,0,1,0,0,1,0,0,0,0,0,0,2
0000000011000000,8.73777693,8.671302236,8.704539583,0.033237347,6,6,6,0,6,6,6,0,0,0,0,0,0,0,0,0,1,1,0,0,0,0,0,0,2
0000001010000000,8.845936187,8.778959153,8.81244767,0.033488517,6,6,6,0,6,6,6,0,0,0,0,0,0,0,1,0,1,0,0,0,0,0,0,0,2
0010000001000000,9.23916575,9.258784365,9.248975058,0.009809308,6,6,6,0,,,,,0,0,1,0,0,0,0,0,0,1,0,0,0,0,0,0,2
0010000001100000,9.86856135,9.751707344,9.810134347,0.058427003,7.211313691,7.33099051,7.271152101,0.059838409,8.821689174,8.80803903,8.814864102,0.006825072,0,0,1,0,0,0,0,0,0,1,1,0,0,0,0,0,3
0010000010100000,9.622220786,9.523898009,9.573059397,0.049161389,6.326045098,6.951301783,6.63867344,0.312628343,8.708754786,8.462564941,8.585659863,0.123094923,0,0,1,0,0,0,0,0,1,0,1,0,0,0,0,0,3
0010001000100000,9.634709997,9.71229742,9.673503709,0.038793712,6.5418811,6.453926692,6.497903896,0.043977204,9.000576078,8.802108628,8.901342353,0.099233725,0,0,1,0,0,0,1,0,0,0,1,0,0,0,0,0,3
0000000011100000,9.258622283,9.212037818,9.235330051,0.023292232,6,6,6,0,8.555761326,8.526041644,8.540901485,0.014859841,0,0,0,0,0,0,0,0,1,1,1,0,0,0,0,0,3
0000001001100000,9.221152429,9.199921226,9.210536827,0.010615602,6,6,6,0,8.586949641,8.532605985,8.559777813,0.027171828,0,0,0,0,0,0,1,0,0,1,1,0,0,0,0,0,3
0000001010100000,8.996562104,9.060916326,9.028739215,0.032177111,6,6,6,0,7.995145338,7.757615048,7.876380193,0.118765145,0,0,0,0,0,0,1,0,1,0,1,0,0,0,0,0,3
0000001011000000,8.863758142,8.843476775,8.853617458,0.010140684,6,6,6,0,,,,,0,0,0,0,0,0,1,0,1,1,0,0,0,0,0,0,3
0010000011000000,9.456863361,9.325769823,9.391316592,0.065546769,6,6,6,0,7.128341481,7.549620169,7.338980825,0.210639344,0,0,1,0,0,0,0,0,1,1,0,0,0,0,0,0,3
0010001001000000,9.600697295,9.611002647,9.605849971,0.005152676,6,6,6,0,8.171424362,8.422687814,8.297056088,0.125631726,0,0,1,0,0,0,1,0,0,1,0,0,0,0,0,0,3
0010001010000000,9.597495243,9.606242973,9.601869108,0.004373865,6,6,6,0,8.596371636,8.766086767,8.681229202,0.084857566,0,0,1,0,0,0,1,0,1,0,0,0,0,0,0,0,3
0010000011100000,9.867851349,10.03903313,9.953442241,0.085590892,7.6622405,7.719441758,7.690841129,0.028600629,9.250700117,9.143139273,9.196919695,0.053780422,0,0,1,0,0,0,0,0,1,1,1,0,0,0,0,0,4
0010001001100000,9.897243903,9.829213691,9.863228797,0.034015106,7.405483428,7.668640447,7.537061937,0.131578509,9.232037242,9.016086859,9.12406205,0.107975192,0,0,1,0,0,0,1,0,0,1,1,0,0,0,0,0,4
0010001010100000,9.682117015,9.698523935,9.690320475,0.00820346,6.892205397,6.859434793,6.875820095,0.016385302,9.060118013,9.084571076,9.072344544,0.012226532,0,0,1,0,0,0,1,0,1,0,1,0,0,0,0,0,4
0000001011100000,9.332909883,9.34585447,9.339382177,0.006472294,6.427032649,6,6.213516325,0.213516325,8.74172716,8.930106896,8.835917028,0.094189868,0,0,0,0,0,0,1,0,1,1,1,0,0,0,0,0,4
0010001011000000,9.648125299,9.597744402,9.62293485,0.025190449,6,6,6,0,8.663673582,8.624710573,8.644192077,0.019481504,0,0,1,0,0,0,1,0,1,1,0,0,0,0,0,0,4
0010001011100000,9.905101664,9.979211139,9.942156402,0.037054738,8.029921773,8.225085017,8.127503395,0.097581622,9.436545972,9.484057735,9.460301854,0.023755881,0,0,1,0,0,0,1,0,1,1,1,0,0,0,0,0,5