labels,distance,epistasis
"Y35N,H35N",14.667354583740234,0.9263781816718109
"Y35N,Y33H",17.826156616210938,0.8456534550150523
"Y33H,H35N",6.09492826461792,0.5885987802937831
"Y48C,H35N",16.839218139648438,0.5007360161128407
"Y35N,G57D",25.76714515686035,0.33941659153040193
"Y35N,R87K",28.065061569213867,0.3253498862211264
"S29R,Y35N",19.238628387451172,0.2997947962293077
"Y48C,D49Y",3.805917263031006,0.2926435117269723
"Y48C,Y33H",17.04593849182129,0.28629000182467035
"V98I,G57D",19.660388946533203,0.0
"D49Y,R87K",36.77247619628906,0.0
"G31D,R85G",31.963294982910156,0.0
"V98I,G31D",22.64704132080078,0.0
"V98I,Y33H",16.19991111755371,0.0
"G31D,S84N",28.46492576599121,0.0
"G31D,L83V",25.145036697387695,0.0
"G31D,G57D",12.960532188415527,0.0
"V98I,M34I",15.910113334655762,0.0
"G31D,H35N",12.98882007598877,0.0
"V98I,L83V",20.65134048461914,0.0
"G31D,M34I",9.811079025268555,0.0
"Y33H,M34I",3.7806692123413086,0.0
"G31D,Y33H",7.193334102630615,0.0
"V98I,H35N",12.410313606262207,0.0
"V98I,R87K",23.288475036621094,0.0
"V98I,R85G",24.489742279052734,0.0
"V98I,S84N",23.22383689880371,0.0
"G31D,R87K",34.20424270629883,0.0
"N26D,S29R",6.012995719909668,0.0
"D49Y,S84N",35.633243560791016,0.0
"H35N,S84N",18.334850311279297,0.0
"S84N,R87K",9.124948501586914,0.0
"S84N,R85G",3.792562484741211,0.0
"L83V,R87K",10.320631980895996,0.0
"L83V,R85G",7.040783882141113,0.0
"L83V,S84N",3.804581642150879,0.0
"G57D,R87K",27.430978775024414,0.0
"G57D,R85G",23.69700050354004,0.0
"G57D,S84N",20.46303367614746,0.0
"G57D,L83V",18.234630584716797,0.0
"H35N,R87K",22.15934181213379,0.0
"H35N,R85G",21.22175407409668,0.0
"H35N,L83V",14.772287368774414,0.0
"Y33H,G57D",9.537991523742676,0.0
"H35N,G57D",12.007584571838379,0.0
"M34I,R87K",24.544145584106445,0.0
"M34I,R85G",22.93259048461914,0.0
"M34I,S84N",19.673717498779297,0.0
"M34I,L83V",16.11194610595703,0.0
"M34I,G57D",10.80927848815918,0.0
"M34I,H35N",3.79290771484375,0.0
"Y33H,R87K",27.660158157348633,0.0
"Y33H,R85G",25.825098037719727,0.0
"Y33H,S84N",22.576473236083984,0.0
"Y33H,L83V",19.190587997436523,0.0
"D49Y,R85G",37.74156188964844,0.0
"D49Y,Y33H",18.180124282836914,0.0
"D49Y,L83V",32.28413009643555,0.0
"D49Y,G57D",25.327491760253906,0.0
"S29R,L83V",34.552581787109375,0.0
"S29R,G57D",26.355512619018555,0.0
"S29R,H35N",22.738460540771484,0.0
"S29R,M34I",24.691667556762695,0.0
"S29R,Y33H",22.71175765991211,0.0
"S29R,G31D",25.950183868408203,0.0
"S29R,V98I",14.929943084716797,0.0
"S29R,D49Y",10.795363426208496,0.0
"S29R,Y48C",14.111180305480957,0.0
"N26D,R87K",36.206668853759766,0.0
"N26D,R85G",37.38615417480469,0.0
"N26D,S84N",36.34451675415039,0.0
"N26D,L83V",34.081077575683594,0.0
"N26D,G57D",28.283245086669922,0.0
"N26D,H35N",24.323205947875977,0.0
"N26D,M34I",26.937963485717773,0.0
"N26D,Y33H",25.550378799438477,0.0
"N26D,G31D",29.93730354309082,0.0
"N26D,V98I",13.893625259399414,0.0
"N26D,D49Y",15.12335205078125,0.0
"N26D,Y48C",17.751205444335938,0.0
"S29R,S84N",37.21670150756836,0.0
"S29R,R85G",38.8128547668457,0.0
"S29R,R87K",38.15118408203125,0.0
"Y48C,G57D",25.10679817199707,0.0
"D49Y,M34I",19.76771354675293,0.0
"N26D,Y35N",20.47457504272461,0.0
"D49Y,G31D",20.32982063293457,0.0
"D49Y,V98I",15.285380363464355,0.0
"Y48C,R87K",34.947628021240234,0.0
"Y48C,R85G",36.148948669433594,0.0
"Y48C,S84N",33.99777603149414,0.0
"Y48C,L83V",30.51081085205078,0.0
"Y48C,M34I",18.0700626373291,0.0
"Y48C,G31D",19.364078521728516,0.0
"Y48C,V98I",15.080206871032715,0.0
"Y35N,S84N",28.743539810180664,0.0
"Y35N,L83V",25.351367950439453,0.0
"Y35N,M34I",16.96242904663086,0.0
"Y35N,G31D",22.183809280395508,0.0
"Y35N,V98I",12.580102920532227,0.0
"R85G,R87K",6.63521146774292,0.0
"D49Y,H35N",18.499469757080078,-0.27585759192501697
"Y35N,R85G",30.407392501831055,-0.429500543968397
"Y35N,Y48C",8.908353805541992,-0.608464940168194
"Y35N,D49Y",11.947402000427246,-0.9624362274075366
